condition,scenario,method,replicas,auc_mean,auc_sd,hit_at_k,alarm_rule,alarm_rate,fwer,fwer_count,fwer_lo,fwer_hi,power
default (RateMu = ln 4),S0,silence-z-2pois,200,,,,−Z > z(1−α/N),0.0001,0.0700,14,0.0422,0.1141,
default (RateMu = ln 4),S0,burst-z-2pois,200,,,,Z > z(1−α/N),0.0001,0.0550,11,0.0310,0.0958,
default (RateMu = ln 4),S0,silence-z-2pois-midp,200,,,,−Z > z(1−α/N),0.0001,0.0350,7,0.0171,0.0705,
default (RateMu = ln 4),S0,burst-z-2pois-midp,200,,,,Z > z(1−α/N),0.0001,0.0600,12,0.0347,0.1019,
default (RateMu = ln 4),S0,silence-z-2pois-nmin3,200,,,,−Z > z(1−α/N),0.0001,0.0700,14,0.0422,0.1141,
default (RateMu = ln 4),S0,burst-z-2pois-nmin3,200,,,,Z > z(1−α/N),0.0001,0.0550,11,0.0310,0.0958,
default (RateMu = ln 4),S1,silence-z-2pois,200,1.0000,0.0000,1.0000,−Z > z(1−α/N),0.0031,1.0000,200,0.9812,1.0000,1.0000
default (RateMu = ln 4),S1,burst-z-2pois,200,0.0000,0.0000,0.0000,Z > z(1−α/N),0.0001,0.0500,10,0.0274,0.0896,0.0000
default (RateMu = ln 4),S1,silence-z-2pois-midp,200,1.0000,0.0000,1.0000,−Z > z(1−α/N),0.0028,1.0000,200,0.9812,1.0000,1.0000
default (RateMu = ln 4),S1,burst-z-2pois-midp,200,0.0000,0.0000,0.0000,Z > z(1−α/N),0.0001,0.0550,11,0.0310,0.0958,0.0000
default (RateMu = ln 4),S1,silence-z-2pois-nmin3,200,1.0000,0.0000,1.0000,−Z > z(1−α/N),0.0031,1.0000,200,0.9812,1.0000,1.0000
default (RateMu = ln 4),S1,burst-z-2pois-nmin3,200,0.0000,0.0000,0.0000,Z > z(1−α/N),0.0001,0.0500,10,0.0274,0.0896,0.0000
default (RateMu = ln 4),S2,silence-z-2pois,200,1.0000,0.0000,1.0000,−Z > z(1−α/N),0.0023,1.0000,200,0.9812,1.0000,1.0000
default (RateMu = ln 4),S2,burst-z-2pois,200,0.0000,0.0000,0.0000,Z > z(1−α/N),0.0001,0.0500,10,0.0274,0.0896,0.0000
default (RateMu = ln 4),S2,silence-z-2pois-midp,200,1.0000,0.0000,1.0000,−Z > z(1−α/N),0.0022,1.0000,200,0.9812,1.0000,1.0000
default (RateMu = ln 4),S2,burst-z-2pois-midp,200,0.0000,0.0000,0.0000,Z > z(1−α/N),0.0001,0.0550,11,0.0310,0.0958,0.0000
default (RateMu = ln 4),S2,silence-z-2pois-nmin3,200,1.0000,0.0000,1.0000,−Z > z(1−α/N),0.0023,1.0000,200,0.9812,1.0000,1.0000
default (RateMu = ln 4),S2,burst-z-2pois-nmin3,200,0.0000,0.0000,0.0000,Z > z(1−α/N),0.0001,0.0500,10,0.0274,0.0896,0.0000
default (RateMu = ln 4),S3,silence-z-2pois,200,1.0000,0.0000,1.0000,−Z > z(1−α/N),0.0022,0.9950,199,0.9722,0.9991,0.9950
default (RateMu = ln 4),S3,burst-z-2pois,200,0.0000,0.0000,0.0000,Z > z(1−α/N),0.0001,0.0550,11,0.0310,0.0958,0.0000
default (RateMu = ln 4),S3,silence-z-2pois-midp,200,1.0000,0.0001,1.0000,−Z > z(1−α/N),0.0021,0.9850,197,0.9568,0.9949,0.9800
default (RateMu = ln 4),S3,burst-z-2pois-midp,200,0.0000,0.0001,0.0000,Z > z(1−α/N),0.0001,0.0600,12,0.0347,0.1019,0.0000
default (RateMu = ln 4),S3,silence-z-2pois-nmin3,200,1.0000,0.0000,1.0000,−Z > z(1−α/N),0.0022,0.9950,199,0.9722,0.9991,0.9950
default (RateMu = ln 4),S3,burst-z-2pois-nmin3,200,0.0000,0.0000,0.0000,Z > z(1−α/N),0.0001,0.0550,11,0.0310,0.0958,0.0000
default (RateMu = ln 4),S4,silence-z-2pois,200,0.5206,0.2874,0.0200,−Z > z(1−α/N),0.0001,0.0700,14,0.0422,0.1141,0.0000
default (RateMu = ln 4),S4,burst-z-2pois,200,0.4794,0.2874,0.0300,Z > z(1−α/N),0.0001,0.0550,11,0.0310,0.0958,0.0000
default (RateMu = ln 4),S4,silence-z-2pois-midp,200,0.5305,0.2879,0.0200,−Z > z(1−α/N),0.0001,0.0350,7,0.0171,0.0705,0.0000
default (RateMu = ln 4),S4,burst-z-2pois-midp,200,0.4695,0.2879,0.0300,Z > z(1−α/N),0.0001,0.0600,12,0.0347,0.1019,0.0000
default (RateMu = ln 4),S4,silence-z-2pois-nmin3,200,0.5220,0.2878,0.0200,−Z > z(1−α/N),0.0001,0.0700,14,0.0422,0.1141,0.0000
default (RateMu = ln 4),S4,burst-z-2pois-nmin3,200,0.4780,0.2878,0.0300,Z > z(1−α/N),0.0001,0.0550,11,0.0310,0.0958,0.0000
default (RateMu = ln 4),S5,silence-z-2pois,200,0.0000,0.0000,0.0000,−Z > z(1−α/N),0.0001,0.0700,14,0.0422,0.1141,0.0000
default (RateMu = ln 4),S5,burst-z-2pois,200,1.0000,0.0000,1.0000,Z > z(1−α/N),0.0030,1.0000,200,0.9812,1.0000,1.0000
default (RateMu = ln 4),S5,silence-z-2pois-midp,200,0.0000,0.0000,0.0000,−Z > z(1−α/N),0.0001,0.0350,7,0.0171,0.0705,0.0000
default (RateMu = ln 4),S5,burst-z-2pois-midp,200,1.0000,0.0000,1.0000,Z > z(1−α/N),0.0030,1.0000,200,0.9812,1.0000,1.0000
default (RateMu = ln 4),S5,silence-z-2pois-nmin3,200,0.0000,0.0000,0.0000,−Z > z(1−α/N),0.0001,0.0700,14,0.0422,0.1141,0.0000
default (RateMu = ln 4),S5,burst-z-2pois-nmin3,200,1.0000,0.0000,1.0000,Z > z(1−α/N),0.0030,1.0000,200,0.9812,1.0000,1.0000
pouca contagem (RateMu = ln 0.5),S0,silence-z-2pois,200,,,,−Z > z(1−α/N),0.0003,0.1300,26,0.0903,0.1837,
pouca contagem (RateMu = ln 0.5),S0,burst-z-2pois,200,,,,Z > z(1−α/N),0.0001,0.0550,11,0.0310,0.0958,
pouca contagem (RateMu = ln 0.5),S0,silence-z-2pois-midp,200,,,,−Z > z(1−α/N),0.0000,0.0050,1,0.0009,0.0278,
pouca contagem (RateMu = ln 0.5),S0,burst-z-2pois-midp,200,,,,Z > z(1−α/N),0.0000,0.0100,2,0.0027,0.0357,
pouca contagem (RateMu = ln 0.5),S0,silence-z-2pois-nmin3,200,,,,−Z > z(1−α/N),0.0003,0.1600,32,0.1157,0.2171,
pouca contagem (RateMu = ln 0.5),S0,burst-z-2pois-nmin3,200,,,,Z > z(1−α/N),0.0001,0.0550,11,0.0310,0.0958,
pouca contagem (RateMu = ln 0.5),S1,silence-z-2pois,200,0.9997,0.0016,0.9950,−Z > z(1−α/N),0.0021,0.9050,181,0.8564,0.9383,0.9000
pouca contagem (RateMu = ln 0.5),S1,burst-z-2pois,200,0.0003,0.0016,0.0000,Z > z(1−α/N),0.0001,0.0550,11,0.0310,0.0958,0.0000
pouca contagem (RateMu = ln 0.5),S1,silence-z-2pois-midp,200,0.9991,0.0043,0.9900,−Z > z(1−α/N),0.0010,0.4900,98,0.4216,0.5588,0.4900
pouca contagem (RateMu = ln 0.5),S1,burst-z-2pois-midp,200,0.0009,0.0043,0.0000,Z > z(1−α/N),0.0000,0.0100,2,0.0027,0.0357,0.0000
pouca contagem (RateMu = ln 0.5),S1,silence-z-2pois-nmin3,200,0.9991,0.0057,0.9850,−Z > z(1−α/N),0.0021,0.8750,175,0.8220,0.9139,0.8450
pouca contagem (RateMu = ln 0.5),S1,burst-z-2pois-nmin3,200,0.0009,0.0057,0.0000,Z > z(1−α/N),0.0001,0.0550,11,0.0310,0.0958,0.0000
pouca contagem (RateMu = ln 0.5),S2,silence-z-2pois,200,0.9781,0.0638,0.7650,−Z > z(1−α/N),0.0009,0.3850,77,0.3203,0.4540,0.3100
pouca contagem (RateMu = ln 0.5),S2,burst-z-2pois,200,0.0219,0.0638,0.0000,Z > z(1−α/N),0.0001,0.0550,11,0.0310,0.0958,0.0000
pouca contagem (RateMu = ln 0.5),S2,silence-z-2pois-midp,200,0.9750,0.0631,0.7650,−Z > z(1−α/N),0.0002,0.0950,19,0.0617,0.1436,0.0900
pouca contagem (RateMu = ln 0.5),S2,burst-z-2pois-midp,200,0.0250,0.0631,0.0000,Z > z(1−α/N),0.0000,0.0100,2,0.0027,0.0357,0.0000
pouca contagem (RateMu = ln 0.5),S2,silence-z-2pois-nmin3,200,0.9637,0.0968,0.7450,−Z > z(1−α/N),0.0010,0.4050,81,0.3394,0.4742,0.3100
pouca contagem (RateMu = ln 0.5),S2,burst-z-2pois-nmin3,200,0.0363,0.0968,0.0000,Z > z(1−α/N),0.0001,0.0550,11,0.0310,0.0958,0.0000
pouca contagem (RateMu = ln 0.5),S3,silence-z-2pois,200,0.9793,0.0546,0.7700,−Z > z(1−α/N),0.0007,0.3050,61,0.2454,0.3720,0.1850
pouca contagem (RateMu = ln 0.5),S3,burst-z-2pois,200,0.0207,0.0546,0.0000,Z > z(1−α/N),0.0001,0.0550,11,0.0310,0.0958,0.0000
pouca contagem (RateMu = ln 0.5),S3,silence-z-2pois-midp,200,0.9714,0.0614,0.7250,−Z > z(1−α/N),0.0001,0.0750,15,0.0460,0.1200,0.0700
pouca contagem (RateMu = ln 0.5),S3,burst-z-2pois-midp,200,0.0286,0.0614,0.0000,Z > z(1−α/N),0.0000,0.0100,2,0.0027,0.0357,0.0000
pouca contagem (RateMu = ln 0.5),S3,silence-z-2pois-nmin3,200,0.9516,0.1337,0.7650,−Z > z(1−α/N),0.0007,0.3500,70,0.2873,0.4184,0.2000
pouca contagem (RateMu = ln 0.5),S3,burst-z-2pois-nmin3,200,0.0484,0.1337,0.0000,Z > z(1−α/N),0.0001,0.0500,10,0.0274,0.0896,0.0000
pouca contagem (RateMu = ln 0.5),S4,silence-z-2pois,200,0.4684,0.3032,0.0100,−Z > z(1−α/N),0.0003,0.1300,26,0.0903,0.1837,0.0000
pouca contagem (RateMu = ln 0.5),S4,burst-z-2pois,200,0.5316,0.3032,0.0450,Z > z(1−α/N),0.0001,0.0550,11,0.0310,0.0958,0.0000
pouca contagem (RateMu = ln 0.5),S4,silence-z-2pois-midp,200,0.5000,0.3040,0.0200,−Z > z(1−α/N),0.0000,0.0050,1,0.0009,0.0278,0.0000
pouca contagem (RateMu = ln 0.5),S4,burst-z-2pois-midp,200,0.5000,0.3040,0.0300,Z > z(1−α/N),0.0000,0.0100,2,0.0027,0.0357,0.0000
pouca contagem (RateMu = ln 0.5),S4,silence-z-2pois-nmin3,200,0.4713,0.2958,0.0200,−Z > z(1−α/N),0.0003,0.1600,32,0.1157,0.2171,0.0000
pouca contagem (RateMu = ln 0.5),S4,burst-z-2pois-nmin3,200,0.5287,0.2958,0.0300,Z > z(1−α/N),0.0001,0.0550,11,0.0310,0.0958,0.0000
pouca contagem (RateMu = ln 0.5),S5,silence-z-2pois,200,0.0009,0.0038,0.0000,−Z > z(1−α/N),0.0003,0.1300,26,0.0903,0.1837,0.0000
pouca contagem (RateMu = ln 0.5),S5,burst-z-2pois,200,0.9991,0.0038,0.9950,Z > z(1−α/N),0.0017,0.7800,156,0.7176,0.8318,0.7650
pouca contagem (RateMu = ln 0.5),S5,silence-z-2pois-midp,200,0.0005,0.0022,0.0000,−Z > z(1−α/N),0.0000,0.0050,1,0.0009,0.0278,0.0000
pouca contagem (RateMu = ln 0.5),S5,burst-z-2pois-midp,200,0.9995,0.0022,0.9950,Z > z(1−α/N),0.0015,0.7450,149,0.6804,0.8004,0.7400
pouca contagem (RateMu = ln 0.5),S5,silence-z-2pois-nmin3,200,0.0007,0.0024,0.0000,−Z > z(1−α/N),0.0003,0.1600,32,0.1157,0.2171,0.0000
pouca contagem (RateMu = ln 0.5),S5,burst-z-2pois-nmin3,200,0.9993,0.0024,1.0000,Z > z(1−α/N),0.0017,0.7900,158,0.7284,0.8407,0.7700
