mult,band,windows_after,partial_frac,replicas,power,power_lo,power_hi,auc_mean,target_degree,expected_lost,hellinger,predicted_power
0.9000,baixo (p10–p30),1,0.0000,100,0.0000,0.0000,0.0370,0.6060,3.8800,2.2480,0.0592,0.0005
0.8000,baixo (p10–p30),1,0.0000,100,0.0000,0.0000,0.0370,0.7328,3.8800,4.4960,0.2506,0.0027
0.7000,baixo (p10–p30),1,0.0000,100,0.0100,0.0018,0.0545,0.8249,3.8800,6.7440,0.5998,0.0126
0.5000,baixo (p10–p30),1,0.0000,100,0.0300,0.0103,0.0845,0.9551,3.8800,11.2400,1.9285,0.1300
0.3000,baixo (p10–p30),1,0.0000,100,0.3300,0.2456,0.4269,0.9913,3.8800,15.7359,4.5984,0.4844
0.0000,baixo (p10–p30),1,0.0000,100,0.8300,0.7445,0.8911,0.9999,3.8800,22.4799,22.4799,0.9922
0.9000,baixo (p10–p30),2,0.0000,100,0.0000,0.0000,0.0370,0.6538,3.8800,4.4960,0.1184,0.0009
0.8000,baixo (p10–p30),2,0.0000,100,0.0100,0.0018,0.0545,0.8037,3.8800,8.9920,0.5011,0.0073
0.7000,baixo (p10–p30),2,0.0000,100,0.0200,0.0055,0.0700,0.8899,3.8800,13.4879,1.1995,0.0414
0.5000,baixo (p10–p30),2,0.0000,100,0.2900,0.2101,0.3854,0.9812,3.8800,22.4799,3.8569,0.3398
0.3000,baixo (p10–p30),2,0.0000,100,0.6900,0.5937,0.7722,0.9978,3.8800,31.4719,9.1967,0.7919
0.0000,baixo (p10–p30),2,0.0000,100,0.9900,0.9455,0.9982,1.0000,3.8800,44.9598,44.9598,0.9997
0.9000,baixo (p10–p30),4,0.0000,100,0.0000,0.0000,0.0370,0.6995,3.8800,8.9920,0.2368,0.0017
0.8000,baixo (p10–p30),4,0.0000,100,0.0000,0.0000,0.0370,0.8568,3.8800,17.9839,1.0022,0.0198
0.7000,baixo (p10–p30),4,0.0000,100,0.1200,0.0700,0.1981,0.9448,3.8800,26.9759,2.3991,0.1143
0.5000,baixo (p10–p30),4,0.0000,100,0.6300,0.5322,0.7182,0.9943,3.8800,44.9598,7.7139,0.6112
0.3000,baixo (p10–p30),4,0.0000,100,0.9400,0.8752,0.9722,0.9999,3.8800,62.9437,18.3935,0.9477
0.0000,baixo (p10–p30),4,0.0000,100,1.0000,0.9630,1.0000,1.0000,3.8800,89.9196,89.9196,1.0000
0.9000,médio (p45–p55),1,0.0000,100,0.0000,0.0000,0.0370,0.6458,6.8600,3.7054,0.0976,0.0008
0.8000,médio (p45–p55),1,0.0000,100,0.0000,0.0000,0.0370,0.7857,6.8600,7.4109,0.4130,0.0053
0.7000,médio (p45–p55),1,0.0000,100,0.0000,0.0000,0.0370,0.8921,6.8600,11.1163,0.9886,0.0280
0.5000,médio (p45–p55),1,0.0000,100,0.1500,0.0931,0.2328,0.9835,6.8600,18.5272,3.1788,0.2844
0.3000,médio (p45–p55),1,0.0000,100,0.5700,0.4722,0.6627,0.9991,6.8600,25.9380,7.5796,0.7860
0.0000,médio (p45–p55),1,0.0000,100,1.0000,0.9630,1.0000,1.0000,6.8600,37.0543,37.0543,1.0000
0.9000,médio (p45–p55),2,0.0000,100,0.0000,0.0000,0.0370,0.6699,6.8600,7.4109,0.1952,0.0015
0.8000,médio (p45–p55),2,0.0000,100,0.0000,0.0000,0.0370,0.8346,6.8600,14.8217,0.8260,0.0157
0.7000,médio (p45–p55),2,0.0000,100,0.0900,0.0481,0.1623,0.9325,6.8600,22.2326,1.9772,0.0954
0.5000,médio (p45–p55),2,0.0000,100,0.5400,0.4426,0.6344,0.9934,6.8600,37.0543,6.3575,0.6246
0.3000,médio (p45–p55),2,0.0000,100,0.9600,0.9016,0.9843,1.0000,6.8600,51.8761,15.1593,0.9719
0.0000,médio (p45–p55),2,0.0000,100,1.0000,0.9630,1.0000,1.0000,6.8600,74.1087,74.1087,1.0000
0.9000,médio (p45–p55),4,0.0000,100,0.0000,0.0000,0.0370,0.7249,6.8600,14.8217,0.3903,0.0030
0.8000,médio (p45–p55),4,0.0000,100,0.0200,0.0055,0.0700,0.9043,6.8600,29.6435,1.6520,0.0449
0.7000,médio (p45–p55),4,0.0000,100,0.2100,0.1417,0.2998,0.9788,6.8600,44.4652,3.9544,0.2529
0.5000,médio (p45–p55),4,0.0000,100,0.8000,0.7112,0.8666,0.9998,6.8600,74.1087,12.7150,0.8864
0.3000,médio (p45–p55),4,0.0000,100,1.0000,0.9630,1.0000,1.0000,6.8600,103.7521,30.3186,0.9988
0.0000,médio (p45–p55),4,0.0000,100,1.0000,0.9630,1.0000,1.0000,6.8600,148.2174,148.2174,1.0000
0.9000,alto (p80–p95),1,0.0000,100,0.0000,0.0000,0.0370,0.6975,17.9800,9.7751,0.2574,0.0024
0.8000,alto (p80–p95),1,0.0000,100,0.0200,0.0055,0.0700,0.8804,17.9800,19.5501,1.0895,0.0324
0.7000,alto (p80–p95),1,0.0000,100,0.1100,0.0625,0.1863,0.9678,17.9800,29.3252,2.6080,0.1981
0.5000,alto (p80–p95),1,0.0000,100,0.7500,0.6570,0.8245,0.9996,17.9800,48.8754,8.3857,0.8642
0.3000,alto (p80–p95),1,0.0000,100,1.0000,0.9630,1.0000,1.0000,17.9800,68.4255,19.9954,0.9987
0.0000,alto (p80–p95),1,0.0000,100,1.0000,0.9630,1.0000,1.0000,17.9800,97.7507,97.7507,1.0000
0.9000,alto (p80–p95),2,0.0000,100,0.0000,0.0000,0.0370,0.7529,17.9800,19.5501,0.5148,0.0062
0.8000,alto (p80–p95),2,0.0000,100,0.0700,0.0343,0.1375,0.9335,17.9800,39.1003,2.1790,0.1118
0.7000,alto (p80–p95),2,0.0000,100,0.3300,0.2456,0.4269,0.9904,17.9800,58.6504,5.2160,0.5187
0.5000,alto (p80–p95),2,0.0000,100,0.9800,0.9300,0.9945,1.0000,17.9800,97.7507,16.7714,0.9904
0.3000,alto (p80–p95),2,0.0000,100,1.0000,0.9630,1.0000,1.0000,17.9800,136.8510,39.9908,1.0000
0.0000,alto (p80–p95),2,0.0000,100,1.0000,0.9630,1.0000,1.0000,17.9800,195.5014,195.5014,1.0000
0.9000,alto (p80–p95),4,0.0000,100,0.0100,0.0018,0.0545,0.8509,17.9800,39.1003,1.0297,0.0160
0.8000,alto (p80–p95),4,0.0000,100,0.2400,0.1669,0.3323,0.9783,17.9800,78.2006,4.3580,0.2994
0.7000,alto (p80–p95),4,0.0000,100,0.7500,0.6570,0.8245,0.9990,17.9800,117.3008,10.4319,0.8328
0.5000,alto (p80–p95),4,0.0000,100,1.0000,0.9630,1.0000,1.0000,17.9800,195.5014,33.5427,0.9998
0.3000,alto (p80–p95),4,0.0000,100,1.0000,0.9630,1.0000,1.0000,17.9800,273.7020,79.9815,1.0000
0.0000,alto (p80–p95),4,0.0000,100,1.0000,0.9630,1.0000,1.0000,17.9800,391.0028,391.0028,1.0000
0.0000,baixo (p10–p30),4,0.5000,100,0.8000,0.7112,0.8666,0.9993,3.8800,45.2411,45.2411,0.9684
0.0000,baixo (p10–p30),4,0.2500,100,0.2800,0.2014,0.3749,0.9535,3.8800,23.5487,23.5487,0.5034
0.0000,baixo (p10–p30),4,0.1000,100,0.2800,0.2014,0.3749,0.9535,3.8800,23.5487,23.5487,0.5034
0.0000,médio (p45–p55),4,0.5000,100,0.9700,0.9155,0.9897,1.0000,6.8600,81.5793,81.5793,0.9994
0.0000,médio (p45–p55),4,0.2500,100,0.4100,0.3187,0.5080,0.9873,6.8600,40.7971,40.7971,0.8018
0.0000,médio (p45–p55),4,0.1000,100,0.0500,0.0215,0.1118,0.8831,6.8600,19.0804,19.0804,0.2040
0.0000,alto (p80–p95),4,0.5000,100,1.0000,0.9630,1.0000,1.0000,17.9800,196.5079,196.5079,1.0000
0.0000,alto (p80–p95),4,0.2500,100,0.8400,0.7558,0.8990,0.9985,17.9800,98.2602,98.2602,0.9891
0.0000,alto (p80–p95),4,0.1000,100,0.0900,0.0481,0.1623,0.9117,17.9800,39.5213,39.5213,0.3130
